RegionID,RegionName,SizeRank,2014-01,2014-02,2014-03,2014-04,2014-05,2014-06,2014-07,2014-08,2014-09,2014-10,2014-11,2014-12,2015-01,2015-02,2015-03,2015-04,2015-05,2015-06,2015-07,2015-08,2015-09,2015-10,2015-11,2015-12,2016-01,2016-02,2016-03,2016-04,2016-05,2016-06,2016-07,2016-08,2016-09,2016-10,2016-11,2016-12,2017-01,2017-02,2017-03,2017-04,2017-05,2017-06,2017-07,2017-08,2017-09,2017-10,2017-11,2017-12,2018-01,2018-02,2018-03,2018-04,2018-05,2018-06,2018-07,2018-08,2018-09,2018-10,2018-11,2018-12,2019-01,2019-02,2019-03,2019-04,2019-05,2019-06,2019-07,2019-08,2019-09,2019-10,2019-11,2019-12,2020-01,2020-02,2020-03,2020-04,2020-05,2020-06,2020-07,2020-08,2020-09,2020-10,2020-11,2020-12,2021-01,2021-02,2021-03
102001,United States,0,1323,1328,1335,1347,1367,1382,1393,1399,1400,1400,1399,1399,1404,1412,1421,1434,1444,1453,1459,1464,1465,1465,1466,1465,1470,1478,1488,1499,1509,1517,1518,1522,1521,1520,1520,1519,1523,1529,1537,1547,1557,1564,1570,1570,1562,1562,1563,1565,1569,1577,1586,1597,1608,1617,1623,1625,1624,1623,1624,1624,1628,1636,1645,1656,1668,1678,1683,1685,1683,1680,1678,1682,1690,1697,1703,1699,1698,1701,1701,1693,1689,1684,1692,1691,1699,1705,1721
394913,"New York, NY",1,2264,2284,2287,2318,2352,2374,2388,2397,2399,2397,2397,2394,2400,2412,2430,2460,2473,2490,2500,2503,2510,2510,2500,2496,2495,2500,2510,2536,2550,2562,2546,2558,2561,2556,2554,2542,2546,2547,2557,2575,2590,2599,2608,2603,2617,2597,2579,2574,2566,2574,2585,2605,2620,2636,2646,2648,2648,2638,2628,2622,2624,2634,2648,2655,2684,2708,2718,2721,2713,2713,2691,2682,2684,2708,2714,2695,2685,2672,2643,2580,2531,2477,2452,2431,2449,2433,2469
753899,"Los Angeles-Long Beach-Anaheim, CA",2,1708,1728,1737,1764,1798,1831,1854,1870,1877,1885,1893,1896,1907,1913,1929,1944,1957,1968,1985,1999,2012,2014,2026,2032,2043,2053,2067,2084,2103,2114,2117,2132,2140,2146,2145,2152,2157,2171,2182,2201,2214,2223,2234,2243,2247,2249,2250,2251,2260,2271,2276,2291,2300,2318,2325,2335,2340,2350,2355,2356,2357,2366,2372,2382,2390,2405,2416,2424,2427,2424,2425,2434,2447,2452,2450,2429,2413,2419,2419,2414,2412,2413,2426,2420,2424,2423,2441
394463,"Chicago, IL",3,1428,1439,1441,1458,1480,1495,1505,1509,1504,1496,1494,1491,1497,1502,1492,1503,1525,1542,1551,1557,1553,1543,1536,1536,1543,1552,1564,1579,1591,1602,1607,1606,1597,1585,1576,1573,1569,1583,1597,1611,1625,1633,1638,1631,1624,1610,1601,1602,1606,1616,1627,1638,1652,1663,1667,1665,1655,1642,1636,1635,1644,1653,1667,1682,1695,1704,1710,1711,1702,1694,1687,1685,1694,1702,1710,1706,1707,1708,1702,1689,1670,1652,1645,1641,1638,1642,1661
394514,"Dallas-Fort Worth, TX",4,1140,1130,1141,1158,1178,1195,1203,1209,1210,1208,1209,1213,1213,1221,1234,1244,1253,1264,1270,1274,1273,1271,1276,1270,1273,1284,1295,1308,1319,1331,1337,1340,1339,1342,1340,1340,1342,1347,1357,1364,1375,1386,1391,1391,1388,1387,1387,1388,1391,1397,1403,1411,1417,1429,1433,1430,1428,1431,1439,1435,1439,1446,1452,1463,1473,1483,1487,1487,1484,1486,1483,1484,1489,1496,1500,1494,1489,1494,1499,1498,1499,1501,1514,1519,1516,1523,1548
394974,"Philadelphia, PA",5,1292,1269,1288,1300,1317,1328,1340,1341,1340,1335,1328,1316,1330,1332,1344,1354,1366,1370,1376,1373,1373,1373,1370,1373,1367,1376,1387,1401,1408,1414,1419,1412,1414,1411,1416,1417,1414,1417,1425,1433,1439,1443,1444,1443,1441,1438,1436,1435,1434,1445,1454,1466,1479,1480,1484,1486,1485,1486,1489,1489,1493,1501,1511,1519,1525,1531,1538,1536,1535,1535,1540,1542,1543,1550,1560,1554,1549,1552,1555,1554,1558,1551,1565,1568,1575,1583,1592
394692,"Houston, TX",6,1153,1145,1163,1196,1232,1254,1269,1276,1277,1280,1274,1276,1279,1284,1293,1302,1312,1320,1323,1324,1323,1313,1314,1312,1311,1315,1319,1324,1328,1333,1333,1328,1326,1321,1315,1312,1310,1311,1314,1317,1323,1326,1323,1323,1329,1338,1344,1350,1351,1357,1362,1368,1374,1378,1382,1381,1376,1369,1373,1368,1365,1368,1377,1384,1394,1400,1405,1404,1400,1393,1392,1397,1400,1401,1406,1401,1390,1393,1390,1391,1394,1388,1404,1404,1404,1394,1417
395209,"Washington, DC",7,1756,1769,1770,1785,1823,1845,1862,1869,1872,1865,1853,1840,1850,1853,1861,1874,1883,1892,1896,1894,1892,1893,1895,1889,1890,1901,1911,1920,1929,1940,1917,1930,1930,1924,1919,1916,1924,1929,1935,1953,1965,1971,1976,1972,1963,1953,1943,1941,1941,1949,1955,1973,1991,2006,2015,2016,2009,2003,1999,1998,1999,2014,2024,2038,2054,2066,2069,2072,2067,2060,2049,2051,2062,2067,2077,2070,2060,2057,2050,2033,2014,1988,1999,1996,1987,1976,1999
394856,"Miami-Fort Lauderdale, FL",8,1494,1489,1492,1501,1511,1519,1535,1545,1556,1563,1568,1574,1580,1592,1593,1596,1609,1616,1622,1635,1645,1651,1657,1661,1668,1679,1683,1683,1688,1689,1689,1695,1699,1701,1705,1706,1706,1707,1711,1712,1711,1713,1718,1721,1727,1733,1733,1737,1740,1746,1745,1751,1752,1760,1765,1772,1778,1783,1790,1790,1790,1795,1795,1796,1801,1801,1805,1813,1814,1822,1829,1836,1844,1849,1851,1841,1830,1830,1833,1836,1834,1843,1856,1866,1879,1904,1936
394347,"Atlanta, GA",9,1074,1086,1095,1095,1107,1120,1125,1129,1129,1129,1133,1133,1135,1141,1150,1160,1171,1182,1191,1194,1191,1189,1190,1192,1198,1206,1219,1232,1243,1255,1262,1266,1267,1271,1269,1269,1274,1279,1288,1297,1308,1320,1329,1334,1337,1331,1332,1333,1339,1347,1360,1369,1383,1391,1399,1406,1410,1412,1419,1423,1433,1439,1446,1458,1463,1472,1482,1486,1488,1485,1482,1483,1489,1497,1506,1500,1499,1507,1516,1527,1540,1548,1561,1565,1571,1588,1622
394404,"Boston, MA",10,2012,2040,2036,2058,2075,2097,2113,2124,2111,2104,2074,2070,2079,2105,2128,2147,2165,2182,2187,2185,2180,2170,2158,2154,2179,2208,2224,2240,2260,2277,2274,2279,2268,2256,2237,2248,2272,2294,2304,2325,2337,2349,2357,2346,2324,2308,2305,2306,2334,2351,2367,2384,2403,2414,2422,2413,2395,2391,2383,2384,2402,2420,2438,2461,2483,2497,2498,2493,2475,2464,2457,2464,2486,2504,2521,2521,2503,2496,2475,2414,2356,2318,2309,2299,2319,2343,2390
395057,"San Francisco, CA",11,2045,2088,2103,2119,2176,2253,2306,2359,2410,2439,2432,2454,2481,2520,2549,2572,2600,2642,2676,2699,2716,2714,2718,2723,2735,2751,2760,2785,2815,2833,2804,2827,2819,2806,2803,2787,2793,2800,2812,2837,2849,2885,2907,2912,2909,2888,2878,2874,2880,2883,2899,2919,2936,2966,2989,3001,3004,2987,2981,2990,2986,3001,3014,3027,3043,3070,3093,3094,3088,3073,3056,3065,3075,3083,3079,3073,3055,3044,2998,2941,2870,2829,2829,2800,2785,2787,2824
394532,"Detroit, MI",12,967,971,970,980,990,1000,1005,1007,1009,1007,1006,1002,1000,1005,1015,1021,1026,1031,1036,1040,1043,1031,1034,1033,1038,1043,1046,1051,1059,1066,1073,1079,1074,1073,1068,1064,1069,1073,1077,1087,1097,1107,1112,1111,1111,1107,1107,1104,1108,1118,1124,1130,1139,1146,1150,1153,1151,1152,1153,1147,1150,1151,1160,1168,1178,1185,1189,1192,1188,1189,1185,1183,1183,1182,1191,1196,1204,1209,1215,1225,1234,1245,1245,1255,1259,1265,1284
395025,"Riverside, CA",13,1375,1383,1390,1404,1418,1429,1437,1442,1452,1450,1457,1461,1465,1475,1481,1498,1500,1504,1513,1520,1526,1532,1537,1540,1544,1554,1562,1572,1577,1583,1590,1597,1607,1611,1618,1619,1627,1634,1647,1663,1670,1681,1688,1695,1696,1703,1713,1715,1718,1737,1745,1760,1769,1780,1787,1796,1804,1808,1804,1816,1822,1831,1834,1845,1854,1858,1870,1883,1893,1893,1898,1902,1917,1916,1923,1916,1919,1935,1955,1982,2019,2049,2058,2077,2101,2127,2155
394976,"Phoenix, AZ",14,976,975,984,992,1003,1010,1012,1017,1018,1020,1022,1023,1027,1041,1053,1062,1070,1074,1077,1080,1084,1084,1086,1090,1094,1103,1113,1126,1133,1139,1142,1145,1147,1156,1165,1161,1160,1165,1172,1181,1189,1195,1201,1202,1203,1201,1203,1201,1209,1219,1234,1249,1260,1269,1278,1286,1290,1297,1303,1307,1308,1322,1335,1349,1361,1375,1382,1391,1390,1395,1407,1422,1432,1438,1440,1433,1435,1439,1451,1465,1480,1494,1522,1533,1551,1559,1591
395078,"Seattle, WA",15,1302,1306,1310,1334,1379,1413,1430,1444,1447,1446,1442,1443,1455,1460,1479,1496,1511,1529,1542,1554,1566,1557,1555,1553,1563,1576,1598,1617,1649,1663,1661,1682,1687,1684,1676,1675,1684,1696,1718,1742,1765,1786,1801,1801,1790,1776,1763,1755,1760,1772,1787,1805,1827,1841,1851,1852,1841,1836,1830,1827,1831,1842,1862,1885,1906,1931,1938,1940,1929,1914,1909,1928,1947,1960,1971,1962,1956,1953,1953,1943,1907,1867,1866,1844,1832,1842,1872
394865,"Minneapolis-St Paul, MN",16,1191,1193,1203,1214,1236,1256,1273,1271,1273,1273,1257,1250,1255,1266,1279,1293,1304,1311,1317,1317,1309,1307,1317,1312,1314,1325,1336,1347,1362,1364,1369,1374,1372,1372,1377,1370,1380,1395,1403,1413,1415,1425,1429,1432,1431,1426,1424,1431,1439,1445,1456,1465,1473,1482,1488,1487,1488,1485,1485,1491,1496,1499,1513,1528,1539,1551,1551,1537,1542,1537,1542,1546,1555,1569,1576,1572,1567,1571,1566,1562,1557,1550,1578,1575,1557,1556,1578
395056,"San Diego, CA",17,1601,1619,1616,1635,1673,1689,1702,1713,1718,1724,1735,1735,1753,1779,1784,1789,1801,1813,1826,1832,1838,1841,1840,1836,1850,1864,1876,1896,1919,1928,1929,1940,1950,1946,1945,1952,1954,1962,1985,1995,2012,2028,2040,2045,2046,2045,2038,2040,2052,2062,2068,2080,2111,2125,2136,2148,2148,2139,2143,2138,2139,2143,2148,2160,2175,2188,2203,2211,2211,2208,2208,2212,2220,2225,2226,2206,2213,2230,2235,2246,2259,2277,2284,2291,2314,2313,2334
395121,"St. Louis, MO",18,914,904,908,913,925,930,939,942,941,941,935,931,937,942,951,951,958,960,958,961,962,961,960,960,962,968,974,976,984,987,990,987,988,989,987,986,986,991,995,1002,1004,1004,1007,1008,1004,1007,1004,1001,1005,1008,1014,1019,1028,1030,1032,1033,1032,1028,1023,1024,1027,1031,1039,1047,1050,1056,1063,1065,1064,1062,1061,1060,1066,1070,1074,1084,1082,1090,1094,1097,1105,1105,1105,1111,1110,1105,1118
395148,"Tampa, FL",19,1110,1108,1115,1119,1132,1142,1146,1149,1151,1153,1157,1158,1165,1174,1178,1182,1188,1197,1202,1208,1208,1213,1219,1221,1227,1233,1242,1253,1258,1266,1267,1274,1275,1275,1282,1282,1285,1290,1299,1308,1314,1320,1326,1324,1326,1330,1335,1340,1344,1353,1364,1376,1384,1391,1395,1396,1398,1395,1401,1402,1406,1416,1425,1433,1442,1449,1455,1457,1459,1457,1461,1468,1478,1483,1490,1484,1488,1497,1503,1513,1521,1534,1556,1562,1576,1591,1610
394358,"Baltimore, MD",20,1386,1394,1402,1425,1449,1464,1479,1486,1489,1488,1481,1477,1476,1474,1486,1495,1501,1507,1512,1511,1512,1509,1500,1502,1504,1507,1511,1517,1525,1529,1529,1525,1518,1515,1508,1503,1507,1506,1515,1518,1535,1540,1540,1538,1529,1529,1528,1520,1518,1521,1529,1542,1552,1556,1556,1552,1549,1547,1545,1548,1548,1559,1567,1577,1586,1592,1597,1589,1586,1577,1574,1581,1591,1590,1589,1579,1584,1586,1589,1590,1594,1598,1605,1617,1619,1619,1640
394530,"Denver, CO",21,1156,1132,1159,1184,1224,1270,1304,1326,1344,1353,1362,1360,1372,1384,1401,1422,1439,1456,1464,1471,1473,1477,1475,1479,1486,1499,1501,1515,1535,1543,1551,1552,1547,1533,1527,1525,1527,1532,1551,1567,1583,1597,1605,1606,1598,1586,1582,1584,1589,1596,1608,1623,1641,1652,1663,1667,1662,1654,1657,1657,1659,1667,1679,1692,1708,1725,1729,1728,1722,1713,1708,1712,1720,1728,1738,1723,1721,1723,1724,1721,1719,1709,1717,1717,1716,1726,1753
394982,"Pittsburgh, PA",22,,960,1036,1008,1021,1026,1050,1064,1044,1027,1037,1021,1020,1027,1035,1053,1049,1060,1064,1066,1048,1045,1053,1033,1046,1055,1065,1071,1073,1076,1078,1065,1056,1060,1052,1053,1062,1071,1081,1085,1090,1090,1092,1081,1076,1070,1070,1074,1084,1096,1100,1107,1115,1116,1120,1120,1118,1122,1122,1128,1127,1129,1137,1142,1147,1154,1149,1156,1158,1159,1162,1168,1174,1176,1175,1177,1180,1185,1187,1181,1179,1178,1180,1183,1184,1190,1203
394998,"Portland, OR",23,1124,1116,1125,1126,1152,1190,1211,1230,1236,1236,1236,1246,1249,1258,1271,1286,1306,1327,1349,1367,1374,1376,1372,1371,1376,1387,1405,1422,1439,1453,1461,1460,1461,1453,1447,1446,1450,1454,1466,1478,1490,1500,1505,1507,1508,1493,1486,1478,1481,1488,1498,1508,1524,1535,1544,1550,1549,1540,1537,1533,1534,1542,1556,1567,1581,1589,1602,1607,1603,1595,1591,1596,1602,1605,1605,1599,1602,1610,1617,1620,1624,1614,1615,1618,1616,1624,1639
394458,"Charlotte, NC",24,1101,1105,1107,1115,1133,1145,1152,1155,1153,1154,1150,1155,1156,1158,1169,1181,1192,1201,1210,1218,1219,1214,1216,1217,1225,1235,1243,1252,1263,1269,1276,1281,1282,1285,1283,1277,1288,1287,1295,1308,1317,1329,1334,1336,1339,1322,1327,1326,1331,1339,1346,1358,1370,1382,1389,1393,1392,1390,1399,1402,1404,1413,1419,1429,1444,1456,1461,1459,1462,1462,1462,1461,1470,1473,1482,1466,1459,1468,1477,1478,1489,1493,1511,1517,1508,1507,1540
395045,"Sacramento, CA",25,1201,1196,1200,1211,1222,1232,1251,1253,1257,1257,1257,1260,1269,1270,1282,1296,1306,1316,1327,1338,1350,1350,1340,1358,1367,1375,1389,1411,1425,1436,1445,1458,1451,1454,1468,1474,1476,1487,1502,1523,1544,1564,1567,1579,1588,1588,1586,1586,1591,1598,1609,1614,1638,1652,1660,1667,1664,1662,1665,1675,1676,1690,1704,1717,1725,1735,1742,1749,1751,1750,1752,1751,1754,1767,1776,1774,1777,1796,1811,1823,1838,1857,1867,1876,1896,1896,1915
395055,"San Antonio, TX",26,1020,1015,1026,1035,1052,1064,1064,1072,1077,1065,1069,1056,1069,1076,1087,1098,1108,1115,1115,1116,1110,1113,1119,1121,1119,1128,1135,1144,1147,1150,1155,1159,1159,1158,1160,1159,1160,1166,1171,1177,1181,1187,1188,1193,1188,1182,1184,1182,1184,1192,1197,1201,1209,1217,1224,1227,1227,1223,1224,1224,1227,1228,1234,1239,1250,1259,1270,1272,1272,1273,1269,1271,1269,1276,1273,1271,1269,1275,1283,1286,1290,1280,1294,1296,1299,1292,1311
394943,"Orlando, FL",27,1175,1182,1180,1186,1198,1210,1237,1231,1225,1222,1222,1223,1226,1235,1242,1253,1263,1267,1278,1283,1288,1290,1290,1291,1297,1299,1308,1322,1333,1339,1348,1352,1351,1350,1349,1354,1363,1370,1368,1382,1396,1408,1417,1418,1420,1422,1425,1436,1441,1448,1465,1473,1486,1498,1505,1507,1507,1507,1510,1511,1517,1522,1529,1540,1552,1563,1568,1569,1568,1567,1560,1564,1570,1570,1575,1570,1574,1577,1585,1583,1584,1582,1588,1591,1603,1602,1624
394466,"Cincinnati, OH",28,930,950,940,937,942,952,961,967,969,964,953,961,958,960,974,977,984,994,1000,1007,1003,1004,1006,1010,1010,1006,1016,1022,1025,1028,1032,1036,1036,1034,1035,1045,1048,1052,1055,1063,1071,1076,1075,1072,1079,1077,1080,1084,1084,1085,1093,1097,1106,1110,1114,1115,1122,1132,1129,1133,1139,1140,1155,1165,1167,1173,1181,1187,1186,1181,1184,1188,1197,1206,1211,1209,1214,1217,1217,1227,1229,1235,1246,1251,1261,1272,1280
394475,"Cleveland, OH",29,918,936,926,938,933,950,949,946,946,944,951,947,948,959,967,980,988,1003,987,989,994,986,989,983,995,1003,1002,1013,1024,1028,1026,1021,1013,1004,1004,999,996,1004,1009,1012,1017,1024,1026,1024,1023,1022,1026,1020,1019,1022,1026,1037,1040,1045,1047,1053,1058,1058,1056,1055,1058,1062,1065,1071,1076,1085,1085,1083,1077,1070,1073,1076,1086,1095,1085,1093,1104,1109,1107,1117,1112,1108,1125,1127,1125,1138,1158
394735,"Kansas City, MO",30,905,920,918,923,935,947,971,974,965,955,946,947,950,957,963,969,975,983,986,991,985,983,986,985,989,993,1002,1009,1013,1017,1021,1025,1024,1025,1028,1027,1027,1032,1037,1045,1051,1052,1058,1063,1058,1056,1057,1060,1058,1067,1068,1077,1086,1089,1090,1091,1093,1086,1091,1087,1086,1092,1100,1109,1115,1125,1127,1128,1126,1123,1121,1128,1133,1139,1146,1152,1160,1166,1174,1175,1185,1182,1189,1182,1183,1189,1202
394775,"Las Vegas, NV",31,981,987,988,991,1001,1011,1012,1018,1018,1020,1016,1016,1016,1022,1026,1036,1043,1048,1055,1058,1061,1061,1062,1063,1065,1072,1077,1087,1097,1104,1106,1109,1112,1111,1112,1111,1115,1122,1132,1139,1149,1154,1161,1168,1172,1172,1174,1177,1181,1190,1201,1214,1226,1236,1243,1252,1257,1257,1261,1265,1267,1275,1288,1302,1311,1320,1326,1333,1333,1331,1330,1331,1336,1342,1345,1337,1334,1342,1357,1374,1389,1404,1414,1417,1426,1441,1461
394492,"Columbus, OH",32,948,960,957,954,970,974,978,983,982,983,996,990,985,996,1003,1008,1019,1024,1025,1025,1021,1041,1041,1037,1034,1035,1048,1057,1063,1070,1068,1061,1061,1062,1065,1070,1064,1072,1082,1091,1101,1107,1106,1104,1108,1100,1107,1113,1112,1120,1131,1138,1151,1154,1156,1152,1158,1157,1154,1155,1159,1168,1177,1186,1194,1199,1194,1189,1200,1203,1196,1197,1205,1211,1214,1226,1233,1235,1242,1248,1253,1256,1271,1273,1269,1282,1296
394705,"Indianapolis, IN",33,969,976,974,979,996,1002,1002,999,1000,1006,1005,994,993,1006,1012,1015,1016,1019,1024,1024,1028,1032,1036,1029,1033,1041,1038,1049,1056,1063,1072,1068,1061,1060,1055,1053,1056,1057,1067,1078,1082,1088,1090,1093,1095,1092,1092,1095,1096,1099,1108,1113,1120,1128,1131,1131,1131,1131,1131,1129,1126,1135,1149,1162,1169,1176,1180,1186,1178,1179,1180,1176,1181,1190,1191,1202,1212,1230,1232,1247,1245,1256,1258,1257,1261,1272,1292
395059,"San Jose, CA",34,1987,1987,2001,2076,2176,2292,2349,2409,2445,2450,2451,2460,2481,2494,2524,2570,2620,2660,2719,2728,2725,2717,2722,2708,2723,2719,2730,2769,2767,2812,2814,2807,2790,2765,2743,2741,2758,2750,2774,2794,2813,2847,2860,2865,2861,2844,2844,2825,2849,2863,2877,2908,2932,2979,2989,3010,3000,2996,2977,2957,2966,2993,3010,3029,3034,3052,3069,3077,3058,3023,3018,3032,3051,3075,3079,3050,3020,3013,2977,2935,2902,2846,2837,2842,2819,2813,2852
394355,"Austin, TX",35,1179,1169,1175,1195,1219,1235,1267,1269,1271,1263,1258,1263,1270,1280,1288,1300,1315,1322,1330,1335,1333,1336,1332,1335,1340,1349,1355,1364,1371,1380,1382,1375,1371,1369,1365,1363,1367,1374,1378,1387,1396,1404,1405,1396,1382,1375,1373,1372,1375,1383,1393,1404,1417,1430,1440,1446,1442,1438,1447,1440,1441,1453,1461,1474,1485,1498,1508,1510,1510,1502,1502,1507,1510,1515,1519,1504,1493,1496,1499,1492,1481,1472,1488,1488,1489,1494,1524
395194,"Virginia Beach, VA",36,1130,1143,1141,1143,1155,1172,1179,1181,1180,1177,1174,1175,1175,1177,1183,1187,1190,1195,1197,1199,1195,1194,1192,1193,1195,1202,1206,1212,1215,1213,1212,1212,1207,1203,1202,1207,1211,1218,1222,1226,1228,1231,1233,1233,1233,1232,1231,1227,1227,1235,1243,1250,1253,1252,1256,1257,1257,1256,1257,1257,1264,1268,1275,1281,1288,1294,1295,1292,1292,1294,1297,1298,1302,1305,1307,1307,1311,1318,1329,1343,1349,1356,1365,1369,1381,1387,1400
394902,"Nashville, TN",37,1143,1133,1147,1174,1204,1231,1249,1254,1265,1268,1266,1263,1270,1279,1295,1305,1317,1332,1333,1343,1344,1346,1335,1348,1360,1366,1381,1395,1402,1417,1431,1435,1422,1424,1412,1413,1416,1420,1430,1445,1461,1465,1472,1470,1469,1453,1448,1442,1449,1448,1467,1483,1495,1508,1507,1507,1501,1499,1496,1491,1495,1509,1518,1531,1547,1557,1571,1567,1563,1564,1570,1575,1584,1584,1593,1592,1591,1596,1602,1600,1591,1587,1593,1593,1597,1605,1632
395005,"Providence, RI",38,1078,1115,1126,1129,1147,1169,1171,1172,1161,1162,1153,1152,1161,1178,1206,1216,1229,1233,1227,1227,1218,1203,1225,1221,1247,1257,1267,1272,1277,1273,1291,1286,1273,1269,1275,1287,1298,1313,1334,1326,1342,1347,1340,1353,1352,1345,1339,1351,1347,1368,1390,1389,1398,1414,1416,1400,1397,1384,1390,1391,1393,1409,1432,1451,1466,1467,1463,1461,1448,1449,1454,1445,1472,1461,1488,1502,1507,1522,1525,1524,1527,1532,1560,1567,1592,1589,1635
394862,"Milwaukee, WI",39,998,993,998,1000,1023,1036,1046,1054,1056,1043,1043,1038,1052,1047,1051,1064,1069,1073,1070,1082,1082,1080,1072,1060,1063,1073,1079,1089,1104,1099,1101,1095,1090,1092,1090,1088,1090,1091,1095,1104,1112,1116,1116,1113,1108,1097,1099,1106,1112,1114,1118,1126,1129,1135,1128,1129,1134,1133,1127,1129,1133,1142,1150,1154,1159,1162,1167,1164,1163,1160,1153,1161,1162,1170,1173,1178,1180,1189,1192,1197,1183,1194,1195,1183,1192,1200,1209
394714,"Jacksonville, FL",40,1062,1053,1078,1070,1073,1076,1080,1081,1081,1084,1082,1084,1084,1085,1082,1093,1104,1110,1116,1118,1113,1120,1118,1118,1121,1127,1133,1137,1146,1152,1154,1157,1153,1154,1159,1156,1160,1163,1170,1176,1183,1192,1200,1204,1205,1207,1208,1209,1215,1222,1225,1236,1246,1256,1264,1265,1264,1262,1264,1265,1266,1270,1280,1289,1297,1303,1308,1313,1313,1305,1303,1307,1314,1316,1322,1322,1324,1332,1340,1352,1362,1365,1371,1376,1386,1399,1421
394849,"Memphis, TN",41,1047,1052,1048,1056,1064,1077,1083,1087,1086,1082,1081,1085,1088,1087,1085,1091,1093,1096,1098,1101,1103,1098,1102,1097,1100,1107,1109,1112,1117,1124,1125,1123,1128,1128,1125,1125,1125,1124,1126,1134,1140,1142,1145,1145,1145,1143,1145,1145,1150,1150,1158,1169,1174,1181,1189,1191,1186,1187,1185,1184,1189,1197,1205,1214,1222,1227,1232,1233,1234,1230,1231,1230,1238,1254,1268,1272,1279,1296,1315,1337,1339,1337,1352,1345,1363,1368,1387
394935,"Oklahoma City, OK",42,944,953,955,970,986,999,1001,1000,993,996,995,992,992,994,999,1006,1024,1030,1023,1022,1013,1005,1003,995,995,1005,1012,1014,1021,1025,1021,1017,1006,995,987,995,991,999,1008,1012,1018,1020,1025,1027,1023,1016,1012,1004,1012,1017,1023,1033,1037,1041,1035,1041,1040,1042,1041,1042,1039,1047,1051,1062,1099,1091,1081,1075,1073,1075,1074,1069,1072,1076,1079,1087,1093,1096,1091,1098,1105,1108,1111,1111,1112,1116,1126
394807,"Louisville-Jefferson County, KY",43,796,834,822,822,840,856,862,866,869,872,869,867,873,889,885,904,900,901,903,905,902,899,899,896,899,903,913,917,931,936,943,943,938,936,939,943,942,950,955,964,966,975,979,975,974,964,964,971,970,978,982,987,999,1003,1000,1008,1004,1005,1003,1005,1008,1010,1013,1024,1029,1029,1033,1027,1028,1026,1026,1030,1031,1039,1048,1043,1052,1064,1067,1079,1078,1078,1074,1080,1081,1084,1098
394669,"Hartford, CT",44,1156,1167,1153,1172,1197,1217,1227,1234,1230,1242,1252,1236,1241,1244,1261,1255,1251,1273,1271,1261,1258,1268,1261,1272,1268,1265,1267,1287,1294,1292,1294,1298,1293,1285,1285,1289,1286,1296,1300,1306,1315,1324,1323,1319,1314,1309,1308,1314,1306,1317,1329,1330,1339,1346,1349,1358,1352,1352,1352,1360,1361,1364,1366,1363,1364,1379,1384,1381,1374,1372,1373,1379,1384,1389,1387,1408,1402,1406,1422,1424,1441,1451,1452,1449,1455,1474,1474
395022,"Richmond, VA",45,,1041,1023,1044,1065,1073,1075,1082,1079,1066,1062,1064,1068,1075,1085,1091,1094,1092,1092,1098,1099,1099,1102,1098,1099,1109,1122,1120,1128,1131,1145,1137,1133,1127,1131,1125,1131,1135,1138,1151,1163,1170,1174,1171,1169,1169,1170,1169,1175,1183,1192,1203,1210,1217,1217,1213,1213,1219,1218,1222,1218,1222,1235,1248,1256,1258,1260,1265,1261,1258,1255,1262,1268,1271,1280,1286,1291,1295,1296,1300,1305,1299,1320,1313,1320,1321,1344
394910,"New Orleans, LA",46,1022,992,998,1025,1061,1076,1096,1097,1090,1075,1084,1088,1092,1099,1101,1108,1122,1125,1112,1112,1113,1110,1128,1122,1122,1125,1124,1127,1134,1130,1136,1137,1143,1148,1142,1154,1143,1158,1152,1153,1156,1155,1160,1161,1169,1165,1162,1169,1152,1143,1161,1168,1175,1170,1179,1172,1173,1176,1181,1170,1169,1172,1178,1179,1182,1191,1198,1207,1204,1200,1210,1211,1213,1215,1217,1213,1211,1220,1220,1207,1223,1234,1239,1247,1255,1274,1275
394425,"Buffalo, NY",47,855,843,855,861,875,868,864,853,872,873,867,887,882,878,900,914,907,897,908,924,917,926,925,926,927,923,929,934,950,950,954,952,955,952,952,957,959,983,975,978,973,984,988,985,979,983,977,987,994,989,998,1006,1013,1019,1022,1020,1020,1016,1014,1021,1025,1033,1036,1047,1049,1052,1053,1054,1038,1045,1053,1053,1066,1070,1083,1084,1089,1101,1093,1104,1100,1097,1101,1101,1120,1138,1139
395012,"Raleigh, NC",48,1164,1177,1173,1174,1190,1205,1211,1210,1214,1208,1207,1205,1211,1220,1227,1231,1242,1258,1257,1259,1263,1263,1256,1246,1253,1258,1272,1284,1296,1300,1308,1311,1315,1312,1304,1299,1301,1306,1317,1320,1332,1344,1347,1346,1341,1340,1337,1335,1333,1339,1348,1362,1371,1378,1384,1393,1384,1380,1386,1384,1384,1397,1406,1418,1432,1450,1452,1452,1454,1451,1438,1450,1458,1455,1454,1449,1451,1461,1466,1474,1482,1473,1483,1486,1496,1499,1516
394388,"Birmingham, AL",49,927,944,940,938,940,952,958,973,978,965,964,967,969,971,971,976,977,975,981,986,990,987,992,993,994,996,994,1002,997,998,1001,1001,1003,1010,1006,1003,1004,1006,1010,1010,1017,1020,1022,1022,1036,1027,1026,1032,1026,1020,1015,1027,1033,1042,1032,1046,1042,1048,1055,1061,1074,1084,1091,1082,1087,1092,1088,1089,1095,1089,1090,1095,1096,1095,1103,1110,1105,1112,1122,1123,1148,1125,1140,1144,1151,1148,1155
395053,"Salt Lake City, UT",50,1033,997,1023,1038,1055,1071,1078,1088,1088,1090,1095,1077,1084,1084,1092,1108,1114,1120,1121,1121,1131,1127,1135,1140,1141,1147,1159,1162,1171,1173,1180,1190,1192,1197,1191,1193,1190,1209,1212,1220,1231,1242,1240,1252,1260,1259,1247,1236,1241,1268,1284,1285,1308,1301,1318,1303,1311,1312,1313,1317,1325,1332,1349,1357,1366,1368,1375,1374,1369,1367,1368,1371,1375,1375,1387,1385,1377,1381,1377,1390,1397,1398,1401,1424,1421,1435,1458
395031,"Rochester, NY",51,957,972,964,963,984,997,1013,998,999,1003,978,996,999,1008,1018,1013,1021,1028,1042,1026,1024,1025,1038,1048,1035,1036,1048,1043,1054,1060,1062,1060,1060,1062,1050,1055,1066,1071,1071,1083,1090,1090,1094,1098,1091,1085,1091,1090,1106,1115,1115,1120,1124,1132,1130,1146,1132,1127,1129,1123,1130,1133,1144,1157,1157,1163,1170,1159,1158,1149,1139,1147,1162,1169,1180,1178,1186,1191,1207,1213,1216,1220,1215,1216,1247,1259,1275
394640,"Grand Rapids, MI",52,822,842,841,861,892,897,904,907,912,907,896,896,899,913,919,937,946,960,970,969,970,971,973,972,976,973,994,1022,1045,1052,1060,1052,1058,1049,1052,1056,1047,1065,1071,1086,1112,1121,1125,1119,1115,1107,1094,1103,1105,1107,1123,1142,1156,1162,1168,1175,1164,1157,1156,1157,1163,1168,1172,1197,1210,1223,1226,1220,1213,1217,1213,1210,1211,1222,1230,1234,1242,1258,1271,1276,1250,1261,1276,1281,1272,1265,1293
395167,"Tucson, AZ",53,990,996,994,999,1004,1008,1011,1006,1005,1007,1007,1004,1006,1010,1014,1022,1021,1024,1026,1025,1027,1031,1024,1028,1037,1038,1045,1050,1051,1051,1054,1059,1059,1062,1064,1067,1070,1081,1089,1100,1104,1104,1107,1110,1110,1106,1111,1116,1123,1125,1136,1153,1158,1166,1172,1174,1177,1178,1190,1194,1197,1207,1210,1219,1233,1239,1241,1245,1252,1248,1261,1267,1272,1278,1277,1265,1282,1284,1297,1312,1331,1360,1361,1365,1378,1395,1423
753924,"Urban Honolulu, HI",54,1748,1697,1720,1756,1808,1869,1923,1944,1979,1980,1992,2041,2037,2018,2026,2035,2051,2075,2080,2090,2091,2070,2089,2096,2082,2084,2093,2108,2114,2138,2150,2139,2132,2124,2133,2124,2109,2116,2136,2148,2148,2147,2148,2157,2153,2151,2150,2155,2142,2161,2157,2162,2167,2179,2183,2197,2192,2187,2190,2183,2187,2202,2204,2215,2215,2223,2229,2233,2231,2223,2223,2234,2232,2238,2233,2215,2230,2225,2226,2226,2233,2217,2219,2221,2236,2265,2254
395169,"Tulsa, OK",55,916,896,909,901,925,940,955,965,966,959,960,960,962,967,977,980,967,977,983,1002,992,983,984,978,983,978,985,991,997,1004,1005,1003,995,996,995,996,994,990,990,993,996,1004,1005,997,998,1004,996,999,1001,1009,1009,1006,1012,1016,1012,1023,1022,1022,1017,1020,1015,1022,1025,1033,1041,1048,1046,1045,1053,1051,1056,1061,1063,1067,1068,1063,1077,1078,1083,1095,1097,1102,1107,1102,1108,1127,1147
394619,"Fresno, CA",56,1055,1089,1083,1094,1118,1117,1114,1117,1119,1126,1129,1132,1134,1133,1141,1147,1153,1160,1148,1157,1165,1166,1168,1173,1175,1189,1192,1194,1202,1208,1217,1218,1211,1215,1224,1225,1231,1228,1235,1252,1264,1271,1282,1288,1290,1288,1285,1286,1295,1295,1301,1314,1323,1327,1342,1345,1357,1357,1357,1376,1379,1385,1385,1403,1399,1415,1425,1426,1431,1436,1431,1455,1471,1471,1472,1461,1464,1485,1503,1511,1521,1530,1548,1545,1563,1570,1629
395238,"Worcester, MA",57,1026,1029,1035,1047,1056,1059,1060,1067,1078,1084,1081,1086,1084,1086,1098,1102,1103,1113,1113,1118,1121,1123,1124,1131,1128,1115,1128,1146,1165,1179,1177,1180,1183,1194,1191,1193,1194,1212,1221,1220,1229,1240,1233,1237,1243,1229,1238,1247,1251,1257,1276,1284,1287,1289,1311,1315,1323,1323,1320,1318,1322,1333,1347,1352,1370,1355,1375,1380,1379,1393,1391,1396,1412,1421,1410,1425,1429,1432,1435,1427,1436,1449,1464,1470,1502,1504,1499
394415,"Stamford, CT",58,1642,1631,1637,1699,1774,1828,1817,1823,1823,1799,1800,1825,1827,1823,1833,1847,1867,1871,1900,1898,1888,1867,1853,1843,1845,1870,1866,1893,1919,1922,1923,1906,1910,1906,1894,1882,1882,1913,1924,1934,1945,1939,1943,1954,1945,1940,1924,1909,1909,1933,1951,1965,1981,1997,1994,1999,1990,1985,1983,1987,1990,1998,2004,2022,2034,2045,2049,2054,2055,2051,2028,2023,2028,2047,2054,2082,2086,2075,2110,2094,2113,2130,2166,2140,2194,2164,2193
394312,"Albuquerque, NM",59,935,925,931,932,945,952,962,963,957,956,959,958,960,965,955,972,979,986,985,990,990,984,980,978,981,984,990,997,998,1009,1016,1017,1012,1005,1004,1001,1002,1010,1014,1019,1022,1034,1033,1036,1025,1026,1029,1030,1032,1033,1042,1048,1054,1062,1064,1066,1067,1064,1062,1061,1063,1070,1076,1082,1094,1103,1110,1117,1115,1118,1114,1122,1122,1137,1135,1128,1128,1139,1158,1158,1184,1192,1198,1196,1199,1214,1240
394308,"Albany, NY",60,1029,1032,1033,1052,1060,1077,1122,1089,1098,1105,1087,1091,1112,1108,1104,1102,1108,1108,1107,1119,1108,1119,1099,1097,1115,1133,1151,1143,1131,1142,1126,1134,1149,1153,1167,1161,1184,1176,1161,1169,1176,1170,1170,1169,1164,1170,1155,1136,1151,1185,1194,1202,1206,1204,1197,1198,1219,1211,1241,1233,1216,1211,1203,1209,1212,1219,1224,1228,1228,1244,1241,1249,1258,1252,1245,1290,1272,1250,1251,1246,1256,1277,1283,1290,1301,1325,1290
394938,"Omaha, NE",61,904,890,890,878,887,908,922,928,921,928,927,927,936,948,960,978,968,967,968,967,968,959,965,967,971,980,986,988,995,1002,1006,1008,1009,1004,1004,1002,1002,1009,1015,1026,1032,1042,1041,1039,1036,1027,1029,1032,1032,1036,1036,1047,1056,1061,1063,1061,1063,1068,1063,1061,1064,1076,1074,1080,1094,1101,1109,1106,1102,1101,1106,1108,1113,1116,1127,1140,1145,1153,1159,1168,1163,1158,1156,1156,1159,1172,1198
394908,"New Haven, CT",62,1101,1090,1091,1108,1137,1155,1175,1172,1171,1168,1171,1173,1164,1169,1178,1201,1203,1199,1207,1198,1199,1195,1202,1186,1183,1205,1211,1229,1233,1238,1239,1233,1223,1221,1216,1222,1228,1235,1239,1248,1254,1251,1255,1259,1250,1246,1250,1248,1253,1265,1267,1284,1279,1288,1291,1289,1290,1294,1290,1303,1295,1305,1307,1318,1319,1318,1320,1317,1307,1314,1329,1336,1339,1354,1354,1355,1374,1366,1371,1374,1385,1398,1400,1396,1408,1413,1444
394357,"Bakersfield, CA",63,944,944,946,955,967,983,983,987,980,983,985,991,986,997,1002,1004,1007,1010,1007,1004,1010,1008,1000,1000,1001,1013,1006,1012,1017,1026,1031,1040,1039,1033,1034,1037,1037,1040,1047,1056,1056,1060,1061,1068,1068,1066,1064,1068,1075,1076,1084,1088,1095,1102,1108,1113,1113,1114,1119,1121,1129,1133,1140,1153,1157,1165,1162,1167,1171,1175,1174,1175,1190,1204,1198,1204,1209,1218,1239,1266,1262,1271,1268,1278,1297,1295,1309
394753,"Knoxville, TN",64,968,963,970,983,998,1004,1004,1004,1006,1004,1005,1014,1010,1021,1031,1039,1047,1041,1042,1036,1020,1023,1039,1037,1016,1026,1044,1052,1069,1078,1082,1072,1079,1064,1068,1070,1065,1084,1093,1104,1110,1112,1124,1107,1110,1108,1114,1119,1117,1116,1136,1141,1159,1162,1161,1162,1167,1174,1172,1174,1185,1202,1206,1213,1216,1219,1221,1220,1210,1224,1227,1236,1253,1253,1258,1250,1253,1261,1269,1279,1295,1310,1323,1324,1335,1353,1373
394653,"Greenville, SC",65,921,921,926,950,954,944,956,959,953,954,952,953,957,962,964,977,994,1002,1008,999,1003,1003,1008,1009,1017,1022,1037,1049,1053,1053,1049,1046,1053,1040,1025,1033,1041,1037,1052,1062,1069,1077,1086,1088,1076,1068,1070,1077,1081,1081,1093,1096,1107,1115,1115,1117,1123,1118,1119,1109,1115,1121,1129,1134,1155,1161,1162,1159,1162,1159,1155,1165,1160,1169,1176,1175,1167,1176,1173,1181,1180,1171,1193,1200,1214,1223,1235
394952,"Ventura, CA",66,1979,1955,1966,2004,2032,2058,2069,2080,2084,2086,2101,2116,2108,2135,2131,2146,2167,2168,2184,2186,2199,2194,2204,2196,2197,2206,2225,2250,2258,2279,2298,2303,2300,2316,2316,2309,2317,2344,2366,2373,2384,2393,2390,2394,2400,2393,2399,2400,2425,2459,2447,2447,2479,2499,2498,2519,2518,2511,2514,2524,2530,2537,2560,2542,2580,2580,2576,2570,2561,2562,2568,2584,2609,2610,2625,2585,2599,2615,2637,2648,2644,2656,2696,2728,2763,2734,2790
394318,"Allentown, PA",67,1060,1084,1079,1109,1129,1136,1142,1137,1143,1141,1138,1123,1119,1134,1143,1150,1158,1164,1171,1161,1155,1166,1165,1163,1182,1166,1195,1190,1195,1199,1204,1201,1196,1205,1195,1191,1195,1207,1218,1218,1226,1224,1223,1230,1241,1234,1239,1231,1231,1241,1243,1255,1269,1270,1278,1274,1274,1264,1273,1293,1278,1282,1292,1299,1308,1315,1320,1323,1331,1325,1321,1321,1327,1339,1333,1333,1344,1340,1347,1373,1383,1400,1408,1429,1449,1462,1464
394561,"El Paso, TX",68,968,970,977,984,989,992,982,993,984,984,981,982,984,988,988,992,996,996,998,1000,996,986,982,987,989,996,997,998,998,1002,1003,1004,997,991,1000,1012,1004,1002,1000,1001,1001,1003,1002,1003,1001,996,999,1001,997,1000,1003,1006,1013,1016,1018,1021,1016,1017,1017,1022,1024,1016,1024,1026,1033,1039,1041,1048,1052,1051,1055,1057,1065,1066,1068,1080,1086,1088,1088,1101,1102,1108,1128,1127,1130,1144,1149
394367,"Baton Rouge, LA",69,995,1019,1014,1003,1026,1066,1084,1105,1113,1115,1107,1100,1105,1113,1120,1153,1147,1133,1122,1130,1133,1115,1134,1158,1157,1153,1162,1168,1158,1174,1168,1165,1185,1197,1208,1204,1204,1203,1203,1205,1203,1199,1179,1177,1179,1183,1176,1179,1177,1173,1182,1190,1193,1195,1192,1189,1184,1186,1174,1175,1180,1178,1183,1193,1196,1197,1194,1191,1185,1183,1178,1170,1172,1171,1179,1183,1201,1212,1214,1218,1222,1212,1209,1217,1212,1224,1232
394521,"Dayton, OH",70,,727,775,751,755,757,761,766,766,762,763,763,758,758,761,769,771,779,784,787,787,793,794,792,799,795,803,807,802,800,803,809,809,806,819,817,831,821,823,824,830,836,841,839,840,845,852,852,856,855,859,852,861,866,873,875,873,875,880,867,875,887,892,898,904,907,912,920,915,919,930,925,930,936,940,936,938,950,956,967,965,964,972,977,983,989,1011
394486,"Columbia, SC",72,,926,910,917,932,945,969,1001,995,969,964,967,955,944,952,962,968,976,979,979,976,975,965,973,976,974,985,991,1000,998,1000,1003,1003,1006,1011,1002,1001,1003,1016,1022,1025,1022,1033,1025,1022,1023,1027,1032,1033,1042,1050,1054,1057,1060,1067,1070,1064,1072,1069,1071,1074,1082,1084,1096,1107,1111,1116,1115,1112,1103,1103,1106,1115,1127,1137,1136,1134,1147,1158,1156,1162,1169,1179,1167,1185,1197,1213
394648,"Greensboro, NC",73,979,997,994,1004,1013,1017,1023,1040,1037,1028,1029,1033,1029,1028,1035,1045,1056,1057,1065,1059,1065,1042,1038,1038,1044,1046,1061,1052,1064,1077,1085,1082,1085,1073,1081,1084,1116,1104,1097,1096,1104,1113,1119,1115,1118,1112,1111,1105,1115,1128,1128,1133,1141,1138,1143,1137,1149,1153,1147,1155,1159,1168,1177,1183,1199,1198,1201,1207,1209,1207,1212,1203,1212,1222,1230,1235,1240,1234,1251,1255,1275,1288,1293,1302,1304,1314,1318
394304,"Akron, OH",74,771,758,771,773,787,797,792,800,806,802,808,811,811,811,818,823,824,834,827,830,810,821,835,830,833,834,835,839,844,843,850,847,849,856,854,849,849,855,854,872,875,877,872,866,864,861,865,872,871,872,879,887,884,885,888,878,874,879,881,877,882,890,891,897,899,907,895,905,915,915,915,919,928,926,940,935,940,941,949,959,952,953,950,954,993,992,989
753906,"North Port-Sarasota-Bradenton, FL",75,1417,1424,1411,1440,1432,1420,1428,1442,1438,1457,1480,1489,1504,1507,1515,1535,1531,1514,1528,1533,1553,1549,1568,1566,1587,1593,1606,1593,1583,1588,1587,1578,1595,1611,1646,1635,1650,1646,1652,1647,1628,1622,1622,1626,1612,1628,1658,1674,1674,1693,1689,1684,1693,1691,1695,1706,1720,1704,1720,1734,1760,1756,1744,1737,1747,1741,1745,1753,1767,1762,1783,1805,1819,1818,1807,1795,1808,1791,1815,1809,1819,1852,1883,1907,1903,1921,1927
394798,"Little Rock, AR",76,821,798,806,825,818,816,819,830,827,821,814,809,815,819,820,825,829,842,835,831,828,834,826,829,828,833,834,837,832,840,845,846,847,841,844,839,842,846,851,851,852,853,855,859,851,852,857,853,853,856,859,861,862,862,866,865,868,876,874,871,869,874,880,882,886,887,892,892,890,880,886,888,897,904,900,906,906,919,924,926,934,936,930,936,948,955,966
395134,"Stockton, CA",77,1270,1302,1294,1309,1323,1338,1327,1349,1365,1372,1411,1392,1378,1380,1394,1409,1424,1434,1441,1466,1473,1465,1472,1489,1496,1503,1525,1533,1544,1551,1570,1577,1603,1609,1613,1617,1629,1633,1655,1659,1673,1691,1703,1729,1732,1723,1720,1734,1738,1745,1761,1759,1774,1795,1820,1834,1820,1828,1816,1821,1825,1835,1852,1867,1877,1900,1913,1909,1908,1914,1916,1941,1966,1986,1972,1975,1970,1975,2014,2049,2022,2066,2078,2121,2144,2124,2154
394457,"Charleston, SC",78,1129,1139,1144,1164,1186,1206,1227,1234,1239,1240,1249,1243,1256,1267,1281,1292,1293,1309,1311,1314,1297,1316,1317,1308,1302,1320,1343,1353,1363,1377,1380,1377,1373,1373,1366,1362,1374,1388,1396,1412,1424,1424,1432,1427,1433,1425,1423,1411,1416,1432,1442,1456,1462,1473,1480,1482,1484,1474,1461,1445,1452,1471,1481,1493,1511,1521,1524,1515,1513,1512,1512,1528,1526,1538,1536,1529,1524,1530,1551,1546,1551,1548,1552,1570,1569,1579,1593
395143,"Syracuse, NY",79,839,861,841,865,873,893,920,930,904,905,962,905,899,883,887,913,928,927,902,910,916,945,949,921,933,932,961,957,964,974,934,944,942,945,969,964,966,972,1004,998,988,986,982,981,975,966,1002,1009,968,995,996,1023,1018,1015,1023,1017,998,991,987,989,989,998,997,1009,1019,1042,1054,1063,1040,1062,1044,1040,1056,1043,1054,1051,1084,1093,1113,1115,1119,1123,1127,1119,1116,1099,1131
394484,"Colorado Springs, CO",80,1050,1044,1040,1046,1066,1094,1108,1117,1120,1129,1128,1138,1137,1141,1138,1151,1163,1171,1181,1188,1187,1190,1193,1196,1207,1204,1217,1234,1247,1256,1260,1273,1281,1279,1280,1280,1290,1295,1303,1314,1328,1341,1347,1352,1356,1350,1356,1363,1372,1380,1388,1398,1406,1406,1412,1418,1419,1416,1417,1418,1431,1445,1463,1468,1477,1482,1487,1492,1493,1501,1501,1519,1528,1535,1523,1536,1545,1550,1558,1572,1586,1590,1607,1608,1609,1630,1648
395235,"Winston-Salem, NC",81,985,1025,1009,1008,1021,1023,1034,1031,1029,1029,1017,1025,1032,1036,1042,1044,1052,1054,1056,1064,1063,1065,1064,1052,1057,1067,1081,1088,1089,1083,1095,1093,1087,1088,1086,1086,1089,1096,1102,1108,1121,1125,1128,1131,1131,1130,1129,1127,1121,1132,1148,1157,1163,1168,1173,1177,1178,1177,1179,1183,1188,1188,1198,1213,1229,1230,1238,1239,1236,1235,1232,1225,1251,1252,1256,1252,1258,1271,1277,1298,1306,1310,1317,1293,1316,1329,1345
395224,"Wichita, KS",82,,729,740,733,746,753,760,758,772,777,771,765,767,762,753,761,762,766,768,764,766,765,759,768,767,768,771,778,775,784,782,776,771,770,772,770,771,771,772,777,777,784,786,786,776,776,772,777,781,778,782,784,789,789,789,796,791,799,785,786,785,790,795,796,800,801,808,809,809,815,814,810,811,815,816,817,820,827,845,839,842,840,838,835,835,846,852
395115,"Springfield, MA",83,1154,1248,1220,1241,1256,1260,1266,1288,1258,1245,1247,1266,1259,1263,1262,1275,1285,1291,1305,1297,1293,1295,1283,1287,1279,1287,1309,1324,1339,1337,1345,1332,1331,1341,1336,1326,1324,1307,1328,1341,1358,1357,1361,1365,1373,1376,1368,1364,1375,1382,1391,1391,1391,1390,1406,1411,1420,1424,1424,1365,1404,1415,1429,1427,1446,1461,1466,1464,1456,1471,1463,1452,1474,1477,1479,1476,1482,1479,1515,1499,1490,1506,1487,1514,1520,1565,1577
394440,"Fort Myers, FL",84,1143,1109,1130,1131,1144,1154,1163,1181,1197,1209,1215,1230,1225,1241,1269,1279,1292,1300,1306,1331,1343,1348,1359,1366,1375,1390,1401,1402,1401,1416,1418,1418,1412,1422,1428,1441,1451,1447,1451,1456,1448,1442,1454,1451,1459,1471,1486,1495,1504,1507,1498,1502,1502,1499,1502,1509,1517,1522,1527,1532,1542,1541,1545,1558,1557,1557,1558,1561,1562,1561,1574,1575,1599,1602,1596,1578,1595,1590,1607,1614,1631,1639,1650,1657,1674,1684,1705
394399,"Boise City, ID",85,846,885,874,886,897,909,918,922,929,922,924,895,910,924,941,948,958,963,968,975,978,979,977,971,974,976,994,1007,1018,1031,1038,1045,1047,1050,1039,1038,1041,1045,1056,1075,1080,1094,1101,1108,1111,1109,1110,1111,1120,1120,1132,1141,1145,1174,1194,1203,1208,1205,1196,1204,1204,1215,1235,1244,1256,1274,1281,1279,1276,1274,1270,1275,1280,1292,1302,1296,1303,1314,1327,1350,1356,1369,1394,1400,1416,1446,1504
395160,"Toledo, OH",86,729,766,762,754,745,757,767,752,766,761,765,765,779,783,778,778,782,771,775,761,774,781,793,787,786,791,801,807,809,809,810,817,816,821,816,819,828,825,811,830,833,824,830,831,829,830,841,842,840,825,834,867,862,856,857,854,851,846,852,856,858,856,861,867,872,881,879,882,882,876,868,852,857,871,878,883,895,903,916,919,920,929,924,927,929,934,926
394816,"Madison, WI",87,1156,1109,1109,1093,1119,1130,1135,1135,1142,1149,1142,1132,1143,1149,1161,1166,1174,1185,1182,1186,1174,1180,1193,1204,1195,1202,1199,1223,1219,1223,1220,1225,1216,1218,1223,1227,1225,1227,1238,1242,1242,1244,1247,1252,1247,1261,1258,1253,1252,1254,1254,1260,1264,1274,1274,1269,1272,1285,1288,1293,1289,1292,1304,1308,1311,1307,1306,1296,1303,1309,1315,1305,1331,1337,1339,1340,1331,1334,1333,1338,1341,1328,1372,1367,1367,1373,1377
394766,"Lakeland, FL",88,1044,1080,1068,1054,1063,1072,1077,1080,1083,1080,1087,1093,1097,1098,1110,1112,1122,1134,1137,1135,1119,1134,1141,1139,1145,1154,1158,1172,1186,1190,1195,1196,1198,1192,1198,1206,1209,1211,1216,1219,1228,1243,1244,1250,1234,1245,1261,1260,1261,1267,1282,1295,1312,1324,1334,1336,1331,1337,1334,1338,1348,1359,1378,1374,1371,1377,1382,1395,1399,1395,1400,1404,1402,1409,1419,1422,1469,1453,1455,1464,1471,1477,1493,1494,1507,1498,1510
394931,"Ogden, UT",89,888,882,891,909,930,945,938,954,968,972,972,969,959,966,974,966,981,988,989,996,999,1000,1000,1005,1008,1003,1008,981,1011,1040,1042,1047,1050,1060,1073,1068,1068,1082,1078,1083,1087,1107,1113,1113,1116,1112,1099,1113,1121,1127,1120,1146,1155,1174,1176,1185,1162,1184,1183,1201,1204,1201,1218,1221,1232,1245,1243,1243,1240,1248,1276,1278,1277,1292,1279,1262,1286,1296,1306,1292,1288,1314,1327,1340,1336,1360,1381
394528,"Daytona Beach, FL",90,995,992,999,1012,1013,1019,1028,1030,1029,1036,1046,1048,1058,1066,1065,1076,1082,1084,1092,1097,1105,1122,1124,1121,1127,1126,1126,1140,1157,1148,1159,1179,1183,1184,1190,1189,1193,1197,1191,1196,1218,1225,1239,1250,1256,1261,1264,1245,1249,1274,1286,1289,1294,1298,1309,1321,1324,1323,1316,1325,1328,1341,1352,1354,1365,1355,1361,1365,1375,1380,1380,1390,1389,1401,1396,1397,1445,1433,1427,1425,1436,1431,1457,1478,1479,1491,1514
394531,"Des Moines, IA",91,976,984,988,1007,1026,1039,1039,1050,1059,1067,1046,1054,1046,1054,1066,1070,1066,1075,1080,1070,1047,1062,1057,1052,1052,1061,1059,1066,1084,1088,1086,1088,1081,1082,1084,1061,1075,1077,1090,1095,1107,1106,1108,1107,1103,1095,1085,1081,1061,1074,1086,1106,1112,1130,1126,1124,1113,1108,1099,1100,1104,1104,1095,1106,1118,1126,1139,1137,1135,1137,1135,1127,1131,1126,1131,1133,1138,1148,1156,1161,1158,1161,1165,1155,1151,1147,1155
394711,"Jackson, MS",92,1112,1052,1066,1086,1131,1145,1164,1212,1186,1168,1165,1146,1147,1151,1157,1169,1177,1181,1181,1195,1195,1184,1183,1180,1187,1218,1214,1193,1205,1204,1206,1214,1208,1205,1196,1204,1204,1198,1193,1206,1214,1216,1210,1219,1217,1207,1204,1213,1216,1220,1226,1226,1225,1224,1224,1213,1218,1222,1223,1216,1227,1236,1232,1232,1237,1242,1252,1250,1234,1230,1241,1241,1257,1257,1270,1281,1271,1274,1269,1279,1276,1289,1275,1289,1290,1284,1301
395245,"Youngstown, OH",93,,578,597,596,600,586,578,590,597,613,610,601,602,599,614,607,608,588,590,602,599,610,613,610,605,608,609,597,609,614,618,622,623,624,620,618,629,628,631,631,632,633,636,642,638,636,633,628,628,633,642,638,639,645,653,657,655,656,673,664,660,661,666,670,678,669,669,671,661,663,671,671,672,677,687,688,689,689,697,700,708,702,713,714,719,737,734
394352,"Augusta, GA",94,,882,894,889,893,896,895,887,890,897,895,898,897,897,900,900,917,918,912,921,918,919,920,913,905,918,926,932,936,939,939,935,937,940,932,935,938,934,940,949,963,963,959,958,958,965,962,960,966,967,976,979,989,998,988,985,982,987,983,989,991,996,1003,1018,1022,1020,1026,1030,1036,1031,1036,1032,1033,1033,1040,1039,1055,1069,1082,1091,1101,1102,1108,1115,1119,1114,1129
395075,"Scranton, PA",95,647,654,,536,,670,683,699,692,694,695,689,690,688,686,686,696,699,698,704,703,705,709,711,715,713,717,725,723,705,721,725,742,745,732,741,733,776,772,771,748,750,750,758,761,774,772,775,772,753,769,780,773,777,772,774,781,797,787,760,,,826,810,806,814,824,816,820,828,827,881,864,876,862,843,865,860,864,862,866,888,870,898,915,903,918
394666,"Harrisburg, PA",96,961,957,958,954,957,961,962,938,929,953,932,929,948,961,979,989,986,982,984,979,980,984,985,982,985,996,993,1007,1018,1017,1028,1013,1009,1003,1015,999,1006,1013,1006,1021,1024,1024,1025,1029,1020,1027,1020,1019,1019,1026,1038,1039,1048,1054,1050,1055,1063,1068,1071,1078,1083,1080,1088,1090,1087,1093,1097,1100,1102,1107,1101,1095,1108,1114,1116,1112,1114,1115,1123,1134,1141,1131,1149,1147,1148,1173,1170
394957,"Melbourne, FL",97,977,999,986,986,997,1003,1014,1008,1017,1020,1027,1041,1044,1055,1060,1063,1072,1085,1086,1106,1104,1111,1110,1120,1127,1134,1139,1148,1154,1174,1177,1182,1191,1195,1206,1217,1223,1225,1234,1232,1239,1249,1260,1267,1273,1280,1286,1295,1298,1307,1322,1326,1340,1351,1351,1360,1363,1365,1380,1379,1382,1386,1389,1394,1398,1400,1398,1406,1407,1410,1416,1422,1431,1467,1469,1451,1455,1456,1471,1474,1487,1495,1508,1519,1528,1534,1554
394460,"Chattanooga, TN",98,799,,,915,922,954,968,973,972,982,988,966,963,988,1007,1027,1022,1022,1024,1022,1000,999,1009,1008,1009,1032,1042,1078,1083,1082,1070,1060,1068,1101,1054,1067,1067,1051,1051,1048,1061,1071,1083,1084,1088,1084,1077,1075,1087,1092,1108,1119,1122,1126,1137,1141,1129,1139,1149,1150,1145,1147,1148,1160,1165,1179,1171,1181,1170,1170,1178,1177,1181,1185,1192,1199,1205,1217,1231,1227,1249,1255,1248,1216,1236,1248,1265
395113,"Spokane, WA",99,855,892,879,856,888,900,920,884,857,883,864,868,888,897,899,936,934,943,937,939,935,931,947,941,924,947,968,965,970,980,981,986,993,991,988,990,1004,993,1010,984,1010,1037,1046,1045,1051,1057,1056,1058,1059,1058,1072,1076,1089,1102,1098,1116,1115,1120,1122,1119,1123,1121,1139,1149,1156,1170,1181,1194,1181,1190,1167,1150,1179,1195,1220,1211,1218,1220,1241,1232,1261,1283,1277,1278,1296,1310,1333
395006,"Provo, UT",100,970,1015,999,1006,1009,1042,1051,1041,1046,1043,1041,1056,1066,1060,1076,1092,1085,1101,1091,1078,1090,1108,1120,1114,1127,1114,1116,1125,1141,1166,1165,1171,1170,1166,1168,1154,1169,1183,1192,1187,1209,1213,1220,1224,1225,1213,1211,1215,1219,1224,1235,1258,1271,1270,1273,1278,1270,1267,1274,1271,1285,1283,1284,1286,1306,1318,1322,1326,1318,1313,1305,1307,1310,1306,1314,1330,1329,1345,1355,1360,1339,1347,1360,1369,1401,1423,1437
394549,"Durham, NC",104,1151,1167,1157,1177,1196,1203,1212,1193,1190,1194,1182,1175,1182,1162,1201,1201,1218,1229,1246,1233,1224,1230,1229,1228,1247,1260,1269,1279,1277,1286,1291,1282,1288,1315,1294,1305,1295,1290,1298,1310,1320,1321,1324,1335,1317,1318,1326,1313,1311,1313,1333,1338,1347,1359,1356,1360,1356,1361,1372,1365,1376,1379,1396,1408,1428,1425,1431,1430,1432,1427,1428,1429,1439,1410,1424,1419,1420,1424,1432,1423,1425,1433,1456,1447,1484,1484,1450
394995,"Port St. Lucie, FL",119,1150,1177,1163,1155,1198,1179,1191,1209,1236,1234,1239,1247,1270,1270,1272,1284,1264,1260,1264,1274,1280,1301,1292,1326,1337,1347,1354,1376,1380,1378,1375,1378,1383,1373,1387,1391,1410,1421,1414,1426,1439,1446,1458,1468,1415,1448,1469,1479,1489,1502,1515,1512,1536,1524,1545,1544,1537,1550,1552,1576,1571,1592,1596,1569,1559,1574,1580,1618,1563,1585,1620,1635,1658,1692,1696,1648,1710,1686,1657,1682,1699,1748,1744,1768,1781,1803,1838
394602,"Fort Collins, CO",159,1173,1195,1202,1245,1286,1303,1313,1310,1344,1364,1338,1359,1346,1371,1390,1402,1443,1425,1432,1440,1436,1433,1426,1442,1442,1446,1464,1477,1499,1513,1511,1496,1475,1463,1461,1468,1471,1493,1499,1519,1525,1516,1516,1520,1510,1504,1512,1511,1495,1506,1545,1559,1573,1580,1580,1571,1561,1566,1556,1561,1569,1584,1604,1608,1622,1628,1627,1620,1605,1608,1605,1621,1621,1611,1633,1637,1638,1662,1654,1658,1635,1629,1641,1670,1652,1658,1690
394405,"Boulder, CO",162,1525,1509,1509,1521,1566,1584,1612,1615,1632,1638,1634,1612,1646,1667,1688,1703,1720,1730,1732,1748,1774,1768,1765,1777,1794,1807,1816,1818,1813,1815,1827,1824,1825,1802,1819,1813,1801,1841,1838,1851,1861,1860,1861,1860,1863,1862,1877,1892,1891,1890,1896,1891,1918,1944,1948,1941,1945,1945,1939,1929,1944,1954,1959,1984,1998,1997,2001,1995,1985,2004,2020,2008,2015,2021,2024,2005,2012,2010,2014,2012,2019,2021,2033,2050,2072,2095,2104
394645,"Greeley, CO",177,1210,1170,1186,1142,1154,1192,1244,1260,1271,1275,1276,1307,1304,1305,1322,1334,1343,1354,1356,1360,1376,1374,1375,1382,1374,1381,1386,1403,1409,1426,1430,1413,1421,1411,1411,1411,1416,1423,1428,1456,1470,1470,1471,1483,1492,1491,1477,1489,1487,1493,1526,1536,1553,1544,1551,1543,1561,1547,1540,1544,1557,1595,1609,1606,1601,1609,1609,1611,1619,1601,1583,1599,1604,1636,1647,1621,1628,1629,1630,1637,1659,1668,1656,1637,1656,1682,1720
394623,"Gainesville, GA",229,954,961,967,991,980,996,979,985,972,986,987,997,1018,1020,1024,1020,927,935,995,1024,1057,1051,1079,1079,1066,1063,1080,1079,1090,1108,1131,1140,1146,1153,1164,1157,1151,1160,1141,1162,1190,1199,1208,1219,1198,1199,1187,1190,1211,1208,1215,1224,1226,1220,1234,1242,1232,1271,1285,1282,1296,1307,1300,1327,1320,1310,1326,1314,1346,1354,1356,1361,1392,1390,1380,1386,1366,1382,1317,1362,1406,1433,1453,1458,1456,1465,1496
